{
  "training_timestamp": "2025-12-02T13:28:20.686351",
  "n_training_samples": 147,
  "n_test_samples": 37,
  "features_used": [
    0,
    1,
    2,
    3,
    4
  ],
  "mse": 6.243243243243243,
  "r2": -1.9250513347022582,
  "scaler_mean": [
    1016946.9702717393,
    21.87314213384457,
    4.418478260869565,
    4.7228260869565215,
    4.570652173913044
  ],
  "scaler_scale": [
    1024018.1496846481,
    1.0,
    2.693366623998029,
    2.8693130241616753,
    3.042347421899536
  ]
}